<?xml version="1.0" encoding="UTF-8"?>
<beans xmlns="http://www.springframework.org/schema/beans"
	xmlns:xsi="http://www.w3.org/2001/XMLSchema-instance"
	xmlns:p="http://www.springframework.org/schema/p"
	xmlns:aop="http://www.springframework.org/schema/aop"
	xmlns:tx="http://www.springframework.org/schema/tx"
	xsi:schemaLocation="http://www.springframework.org/schema/beans http://www.springframework.org/schema/beans/spring-beans.xsd
		http://www.springframework.org/schema/aop http://www.springframework.org/schema/aop/spring-aop-4.3.xsd
		http://www.springframework.org/schema/tx http://www.springframework.org/schema/tx/spring-tx-4.3.xsd">

	<tx:advice id="txAdvisor" transaction-manager="transactionManager">
      <tx:attributes>
         <tx:method name="get*" read-only="true"/>
         <tx:method name="read*" read-only="true"/>
         <tx:method name="retrieve*" read-only="true"/>
          <tx:method name="List*" read-only="true"/>
          <tx:method name="Select*" read-only="true"/>
          <tx:method name="insert*" propagation="REQUIRED"/>
          <tx:method name="update*" propagation="REQUIRED"/>
          <tx:method name="delete*" propagation="REQUIRED"/>
         <tx:method name="create*" propagation="REQUIRED" />
         <tx:method name="modify*" propagation="REQUIRED" />
         <tx:method name="remove*" propagation="REQUIRED" />
      </tx:attributes>
   </tx:advice>
   <aop:config>
      <aop:pointcut expression="execution(* kr.or.ddit..service.*.*(..))" id="pointcut"/>
      <aop:advisor advice-ref="txAdvisor" pointcut-ref="pointcut" />
   </aop:config>
</beans>
