<?xml version="1.0" encoding="UTF-8"?>
<beans xmlns="http://www.springframework.org/schema/beans"
	xmlns:xsi="http://www.w3.org/2001/XMLSchema-instance"
	xmlns:c="http://www.springframework.org/schema/c"
	xmlns:p="http://www.springframework.org/schema/p"
	xmlns:security="http://www.springframework.org/schema/security"
	xsi:schemaLocation="http://www.springframework.org/schema/beans http://www.springframework.org/schema/beans/spring-beans.xsd
		http://www.springframework.org/schema/security http://www.springframework.org/schema/security/spring-security-5.7.xsd">

	<bean id="localeResolver" class="org.springframework.web.servlet.i18n.CookieLocaleResolver" 
		p:cookiePath="/"
		p:cookieName="langCookie"
		p:cookieMaxAge="#{60*60*24*7}"
	/>

	<bean id="messageSource" class="org.springframework.context.support.ReloadableResourceBundleMessageSource">
		<property name="basenames">
			<array>
				<value>classpath:/kr/or/ddit/msg/Messages</value>
				<value>classpath:/kr/or/ddit/msg/ErrorMessages</value>
				<value>classpath:/org/springframework/security/messages</value>
			</array>
		</property> 
	</bean>
	
	<bean id="messageSourceAccessor" class="org.springframework.context.support.MessageSourceAccessor" 
		c:messageSource-ref="messageSource"
	/>

</beans>
