<?xml version="1.0" encoding="UTF-8"?>
<beans xmlns="http://www.springframework.org/schema/beans"
	xmlns:xsi="http://www.w3.org/2001/XMLSchema-instance"
	xmlns:c="http://www.springframework.org/schema/c"
	xmlns:context="http://www.springframework.org/schema/context"
	xmlns:p="http://www.springframework.org/schema/p"
	xmlns:util="http://www.springframework.org/schema/util"
	xsi:schemaLocation="http://www.springframework.org/schema/beans http://www.springframework.org/schema/beans/spring-beans.xsd
		http://www.springframework.org/schema/context http://www.springframework.org/schema/context/spring-context-4.3.xsd
		http://www.springframework.org/schema/util http://www.springframework.org/schema/util/spring-util-4.3.xsd">

	<context:annotation-config />

	<context:component-scan base-package="kr.or.ddit">
		<context:exclude-filter type="annotation" expression="org.springframework.stereotype.Controller"/>
		<context:exclude-filter type="annotation" expression="org.springframework.web.bind.annotation.ControllerAdvice"/>
	</context:component-scan>

	<util:properties id="appInfo" location="classpath:kr/or/ddit/appInfo.properties" />

	<bean id="filterMultipartResolver" class="org.springframework.web.multipart.commons.CommonsMultipartResolver"
		p:maxInMemorySize="#{appInfo.maxInMemorySize}"
		p:maxUploadSize="#{appInfo.maxUploadSize}"
		p:maxUploadSizePerFile="#{appInfo.maxUploadSizePerFile}"
	/>
	<util:list id="wsSessionList" />
</beans>
