<?xml version="1.0" encoding="UTF-8"?>
<!DOCTYPE configuration PUBLIC "-//mybatis.org//DTD Config 3.0//EN" "http://mybatis.org/dtd/mybatis-3-config.dtd" >
<configuration>
	<settings>
		<setting name="mapUnderscoreToCamelCase" value="true" />
		<setting name="jdbcTypeForNull" value="VARCHAR"/>
	</settings>	
<!-- 	<typeAliases> -->
<!-- 		<package name="kr.or.ddit.vo" /> -->
<!-- 		<package name="kr.or.ddit.board.vo" /> -->
<!-- 		<package name="kr.or.ddit.attatch.vo" /> -->
<!-- 	</typeAliases> -->
</configuration>