<?xml version="1.0" encoding="UTF-8"?>
<!DOCTYPE mapper PUBLIC "-//mybatis.org//DTD Mapper 3.0//EN" "http://mybatis.org/dtd/mybatis-3-mapper.dtd">
<mapper namespace="kr.or.ddit.noticeBoard.dao.NoticeBoardDAO">


	<!-- 게시글 목록 -->
	<select id="noticeBoardList" resultType="kr.or.ddit.noticeBoard.vo.NoticeBoardVO">
		SELECT ROWNUM RNUM, A.*
		FROM (
		    SELECT *
		    FROM NOTICE_BOARD
		    WHERE REMOVE_WHETHER = 'N' AND NOT CATEGORY IN 'FNQ'
		    ORDER BY NOTICE_BOARD_WRITE_ID
		) A
		ORDER BY RNUM DESC
	</select>

	<!-- FNQ -->
	<select id="fnqNoticeBoardList" resultType="kr.or.ddit.noticeBoard.vo.NoticeBoardVO">
		SELECT ROWNUM RNUM, A.*
		FROM (
			SELECT *
			FROM NOTICE_BOARD
			WHERE REMOVE_WHETHER = 'N' AND CATEGORY = 'FNQ'
			ORDER BY NOTICE_BOARD_WRITE_ID
		) A
		ORDER BY RNUM DESC
	</select>

	<!-- 게시글 상세 조회 -->
	<select id="noticeBoardSelect" parameterType="int" resultType="kr.or.ddit.noticeBoard.vo.NoticeBoardVO">
		SELECT *
		FROM NOTICE_BOARD NB 
			LEFT JOIN  NOTICE_BOARD_FILE ON NB.NOTICE_BOARD_WRITE_ID = NOTICE_BOARD_FILE.NOTICE_BOARD_WRITE_ID
		WHERE NB.NOTICE_BOARD_WRITE_ID = #{noticeBoardWriteId}
	</select>

	<!-- 조회수 증가 -->
	<update id="updateNoticeBoardCount" parameterType="int">
		UPDATE NOTICE_BOARD
		SET
			NOTICE_BOARD_COUNT = NOTICE_BOARD_COUNT + 1
		WHERE NOTICE_BOARD_WRITE_ID = #{noticeBoardWriteId}
	</update>

	<!-- 게시글 등록 -->
	<insert id="insertNoticeBoard" parameterType="kr.or.ddit.noticeBoard.vo.NoticeBoardVO">
	<selectKey order="AFTER" resultType="int" keyProperty="noticeBoardWriteId">
		SELECT NVL(MAX(NOTICE_BOARD_WRITE_ID),0)
		FROM NOTICE_BOARD
	</selectKey>
		INSERT INTO NOTICE_BOARD
			(
			MEMBER_ID, CATEGORY, NOTICE_BOARD_TITLE,
			NOTICE_BOARD_CONTENT, START_DAY, END_DAY
			)
		VALUES
			(
			#{memberId, jdbcType=NUMERIC}, #{category, jdbcType=VARCHAR}, #{noticeBoardTitle, jdbcType=VARCHAR},
			#{noticeBoardContent, jdbcType=VARCHAR}, #{startDay, jdbcType=DATE}, #{endDay, jdbcType=DATE}
			)
	</insert>

	<!-- 게시글 수정 -->
	<update id="updateNoticeBoard" parameterType="kr.or.ddit.noticeBoard.vo.NoticeBoardVO" >
		UPDATE NOTICE_BOARD
		SET
			MEMBER_ID = #{memberId, jdbcType=NUMERIC}
			, CATEGORY = #{category, jdbcType=VARCHAR}
			, NOTICE_BOARD_TITLE = #{noticeBoardTitle, jdbcType=VARCHAR}
			, NOTICE_BOARD_CONTENT = #{noticeBoardContent, jdbcType=VARCHAR}
			, START_DAY = #{startDay, jdbcType=DATE}
			, END_DAY = #{endDay, jdbcType=DATE}
		WHERE NOTICE_BOARD_WRITE_ID = #{noticeBoardWriteId}
	</update>

	<!-- 게시글 삭제 -->
	<update id="deleteNoticeBoard" parameterType="kr.or.ddit.noticeBoard.vo.NoticeBoardVO">
		UPDATE NOTICE_BOARD
		SET
			REMOVE_WHETHER = 'Y'
		WHERE NOTICE_BOARD_WRITE_ID = #{noticeBoardWriteId}
	</update>

</mapper>